Number,Track 1,Track 2,Artist,Price,Webpage Title,URL
1,Arkansas Traveler/Red River Valley,The Syncopated Clock/Grandfather's Clock,Peter Pan Singers,$0.99,Various – The Syncopated Clock / Grandfather's Clock // Arkansas Traveler / Red River Valley,https://www.discogs.com/release/4777558-Various-The-Syncopated-Clock-Grandfathers-Clock--Arkansas-Traveler-Red-River-Valley
2,Wild Horses,You're a Heartbreaker,Ray Anthony,$1.99,Ray Anthony & His Orchestra – Wild Horses / You're A Heartbreaker,https://www.discogs.com/master/1026652-Ray-Anthony-His-Orchestra-Wild-Horses-Youre-A-Heartbreaker
3,My Birthday Waltz,Balloons, Balloons, Balloons,Dora Hall,$1.00,Dora Hall – Songs From The TV Special Imagine That,https://www.discogs.com/release/2098301-Dora-Hall-Songs-From-The-TV-Special-Imagine-That
4,Son of a Preacher Man,Just a Little Lovin',Dusty Springfield,$1.12,Dusty Springfield – Son-Of-A Preacher Man / Just A Little Lovin' (Early In The Mornin'),https://www.discogs.com/master/87987-Dusty-Springfield-Son-Of-A-Preacher-Man-Just-A-Little-Lovin-Early-In-The-Mornin
5,Who Could Ever Doubt My Love,I Hear a Symphony,The Supremes,$0.75,The Supremes – I Hear A Symphony / Who Could Ever Doubt My Love,https://www.discogs.com/master/256573-The-Supremes-I-Hear-A-Symphony-Who-Could-Ever-Doubt-My-Love
6,When the Saints Go Marching In,The Night Before Christmas,Louis Armstrong,$0.44,Louis Armstrong – The Night Before Christmas,https://www.discogs.com/master/1225467-Louis-Armstrong-The-Night-Before-Christmas
7,I Can Hear You Calling,Joy to the World,Three Dog Night,$0.49,Three Dog Night – Joy To The World / I Can Hear You Calling,https://www.discogs.com/release/2230754-Three-Dog-Night-Joy-To-The-World-I-Can-Hear-You-Calling
8,Travlin' Man,Hey Love,Stevie Wonder,$0.01,Stevie Wonder – Travlin' Man,https://www.discogs.com/master/517527-Stevie-Wonder-Travlin-Man-
9,Playing for Keeps,Too Much,Elvis Presley,$0.82,Elvis Presley With The Jordanaires – Playing For Keeps / Too Much,https://www.discogs.com/master/275372-Elvis-Presley-With-The-Jordanaires-Playing-For-Keeps-Too-Much
10,Let Me In,Oh Yes I'll be True,The Sensations,$0.99,The Sensations (2) – Let Me In / Oh Yes- I'll Be True,https://www.discogs.com/release/3613012-The-Sensations-Let-Me-In-Oh-Yes-Ill-Be-True
11,Do the Boomerang,Tune Up,Junior Walker and the All Stars,$2.00,Jr. Walker And The All Stars* – Do The Boomerang / Tune Up,https://www.discogs.com/master/456274-Jr-Walker-And-The-All-Stars-Do-The-Boomerang-Tune-Up
12,The Biggest Players,Peaches N Cream,The Ikettes,$6.52,The Ikettes – Peaches 'N Cream / The Biggest Players,https://www.discogs.com/release/5223525-The-Ikettes-Peaches-N-Cream-The-Biggest-Players
13,Chapel of Love,Ain't That Nice,The Dixie Cups,$1.09,The Dixie Cups – Chapel Of Love / Ain't That Nice,https://www.discogs.com/release/7698065-The-Dixie-Cups-Chapel-Of-Love-Aint-That-Nice
14,Dry Your Eyes,The Wash,Brenda and the Tabulations,$0.85,Brenda & The Tabulations – Dry Your Eyes / The Wash,https://www.discogs.com/master/518325-Brenda-The-Tabulations-Dry-Your-Eyes-The-Wash
15,Oh What a Night,Believe Me,The Dells,$0.45,The Dells – Oh- What A Night / Believe Me,https://www.discogs.com/release/1507526-The-Dells-Oh-What-A-Night-Believe-Me
16,Since I Lost My Baby,You've Got to Earn it,The Temptations,$0.80,The Temptations – Since I Lost My Baby / You've Got To Earn It,https://www.discogs.com/release/4778326-The-Temptations-Since-I-Lost-My-Baby-Youve-Got-To-Earn-It
17,Love on a Two-Way Street,I Won't do Anything,The Moments,$0.39,The Moments – Love On A Two-Way Street,https://www.discogs.com/master/358922-The-Moments-Love-On-A-Two-Way-Street
18,I've Been Good to You,You're my Everything,The Temptations,$0.50,The Temptations – You're My Everything / I've Been Good To You,https://www.discogs.com/master/163768-The-Temptations-Youre-My-Everything-Ive-Been-Good-To-You
19,Cool Jerk,Hello Stranger,The Capitals,$0.90,The Capitols – Cool Jerk / Hello Stranger,https://www.discogs.com/master/158743-The-Capitols-Cool-Jerk-Hello-Stranger
20,Stay,Do You Believe,Maurice Williams and the Zodiacs,$1.47,Maurice Williams & The Zodiacs – Stay / Do You Believe,https://www.discogs.com/release/6353028-Maurice-Williams-The-Zodiacs-Stay-Do-You-Believe
21,All Mixed Up Inside,This Heart of Mine,Butchie Barnes and Ila Marie,$16.98,Butchie Barnes & Ila Marie – This Heart Of Mine / All Mixed Up Inside,https://www.discogs.com/release/2799991-Butchie-Barnes-Ila-Marie-This-Heart-Of-Mine-All-Mixed-Up-Inside
22,I Wanna Testify,I Can Feel the Ice Melting,The Parliments,$1.00,The Parliaments – (I Wanna) Testify,https://www.discogs.com/master/171569-The-Parliaments-I-Wanna-Testify
23,Cowboys to Girls,Turn the Hands of Time,The Intruders,$0.75,The Intruders – Cowboys To Girls / Turn The Hands Of Time,https://www.discogs.com/master/181540-The-Intruders-Cowboys-To-Girls-Turn-The-Hands-Of-Time
24,"Baby, Baby I Need You",Girl Why You Wanna Make Me Blue,The Temptations,$5.43,The Temptations – Girl (Why You Wanna Make Me Blue) / Baby Baby I Need You,https://www.discogs.com/master/163757-The-Temptations-Girl-Why-You-Wanna-Make-Me-Blue-Baby-Baby-I-Need-You
25,You're What's Happening,I Heard it Through the Grapevine,Marvin Gaye,$0.59,Marvin Gaye – I Heard It Through The Grapevine,https://www.discogs.com/master/66641-Marvin-Gaye-I-Heard-It-Through-The-Grapevine
26,Tighten Up,Tighten Up Part 2,Archie Bell and The Drells,$5.73,Archie Bell & The Drells – Tighten Up,https://www.discogs.com/master/164930-Archie-Bell-The-Drells-Tighten-Up
27,I Heard it Through the Grapevine,It's Time to Go Now,Gladys Knight and The Pips,$0.55,Gladys Knight & The Pips* – I Heard It Through The Grapevine,https://www.discogs.com/master/187316-Gladys-Knight-The-Pips-I-Heard-It-Through-The-Grapevine
28,Born Poor,The Rapper,The Jaggerz,$1.00,The Jaggerz – The Rapper / Born Poor,https://www.discogs.com/release/4252377-The-Jaggerz-The-Rapper-Born-Poor
29,Moment of Truth,"Baby, I'm For Real",The Originals,$0.40,The Originals – Baby I'm For Real / Moment Of Truth,https://www.discogs.com/master/244981-The-Originals-Baby-Im-For-Real-Moment-Of-Truth
30,Listen to Me,Get on Up,The Esquires,$0.74,The Esquires – Get On Up / Listen To Me,https://www.discogs.com/master/491373-The-Esquires-Get-On-Up-Listen-To-Me
31,Hold On! I'm a Comin',I Got Everything I Need,Sam and Dave,$0.22,Sam & Dave – Hold On! I'm A Comin' / I Got Everything I Need,https://www.discogs.com/master/146272-Sam-Dave-Hold-On-Im-A-Comin-I-Got-Everything-I-Need
32,There He Is,Dancing in the Street,Martha and the Vandellas,$1.90,Martha Reeves & The Vandellas – Dancing In The Street / There He Is,https://www.discogs.com/release/523153-Martha-Reeves-The-Vandellas-Dancing-In-The-Street-There-He-Is
33,But Its Alright,Boogaloo Baby,J.J.Jackson,$0.98,J. J. Jackson* – Boogaloo Baby / But It's Alright,https://www.discogs.com/master/327936-J-J-Jackson-Boogaloo-Baby-But-Its-Alright
34,Up and Down the Ladders,Together,The Intruders,$400.00,NOFX – 30th Anniversary Box Set,https://www.discogs.com/master/524521-NOFX-30th-Anniversary-Box-Set
35,Turn Away From Me,Tell Him,Patti Drew,$2.00,Patti Drew – Tell Him,https://www.discogs.com/master/387364-Patti-Drew-Tell-Him
36,I'm a Happy Man,Kiss Kiss Kiss,The Jive Five,$0.60,The Jive Five – I'm A Happy Man,https://www.discogs.com/master/659117-The-Jive-Five-Im-A-Happy-Man
37,Shake a Tail Feather,Divorce Court,Five Du-Tones,$1.49,The Five Du-Tones – Shake A Tail Feather / Divorce Court,https://www.discogs.com/master/201817-The-Five-Du-Tones-Shake-A-Tail-Feather-Divorce-Court
38,My Story,Road Runner,Bo Diddley,$2.00,Bo Diddley – Road Runner,https://www.discogs.com/master/921653-Bo-Diddley-Road-Runner
39,Love You So Bad,Come Home Girl,The Empires,$40.00,The Empires – Love You So Bad / Come Home Girl,https://www.discogs.com/master/1183614-The-Empires-Love-You-So-Bad-Come-Home-Girl
40,Please Baby Please,Too Shy,The Sensations,$30.00,The Sensations (3) – Please Baby Please / Too Shy,https://www.discogs.com/master/856782-The-Sensations-Please-Baby-Please-Too-Shy
41,You're Gonna Cry,Lover's Island,The Blue Jays,$0.98,The Blue Jays – Lover's Island / You're Gonna Cry,https://www.discogs.com/master/345941-The-Blue-Jays-Lovers-Island-Youre-Gonna-Cry
42,I Ran All the Way Home,Fool Fool Fool,The Impalas,$0.49,The Impalas – Sorry (I Ran All The Way Home) / Fool- Fool- Fool,https://www.discogs.com/master/181466-The-Impalas-Sorry-I-Ran-All-The-Way-Home-Fool-Fool-Fool
43,Romeo and Juliets 'I Don't Wanna Live Without You',You Gave Me Something ,Fantastic Four,$NONE,Fantastic Four – You Gave Me Something (And Everything's Alright),https://www.discogs.com/release/18593458-Fantastic-Four-You-Gave-Me-Something-And-Everythings-Alright
44,Magic of Her Love,You Better Believe It,Jimmie and Wayne,$4.34,Jimmie And Wayne – You Better Believe It / Magic Of Her Love,https://www.discogs.com/release/10736578-Jimmie-And-Wayne-You-Better-Believe-It-Magic-Of-Her-Love
45,Baby I Love You,Bring it Back,The Jaggerz,$3.00,The Jaggerz – (That's Why) Baby I Love You / Bring It Back,https://www.discogs.com/master/729830-The-Jaggerz-Thats-Why-Baby-I-Love-You-Bring-It-Back
46,Good Rockin' Daddy,Billy's Bag,Etta James/Billy Preston,$2.00,Etta James / Billy Preston – Good Rockin' Daddy / Billy's Bag,https://www.discogs.com/master/947702-Etta-James-Billy-Preston-Good-Rockin-Daddy-Billys-Bag
47,Do This For Me,Someone,The Lovers,$12.49,The Lovers (8) – Do This For Me / Someone,https://www.discogs.com/release/2211813-The-Lovers-Do-This-For-Me-Someone
48,Maria Elena,Jungle Dream,Los Indios Tabajaras,$0.01,Los Indios Tabajaras – Maria Elena,https://www.discogs.com/master/154170-Los-Indios-Tabajaras-Maria-Elena
49,No Time For You,Hey It's Love,The Commands,$43.00,The Commands – No Time For You / Hey It's Love,https://www.discogs.com/release/4107648-The-Commands-No-Time-For-You-Hey-Its-Love
50,The Loser,Everything is Fine,The Skyliners,$2.00,The Skyliners – The Loser / Everything Is Fine,https://www.discogs.com/master/588741-The-Skyliners-The-Loser-Everything-Is-Fine
51,We'll Be United,Up and Down the Ladder,The Intruders,$2.00,The Intruders – (We'll Be) United / Up And Down The Ladder,https://www.discogs.com/master/578812-The-Intruders-Well-Be-United-Up-And-Down-The-Ladder
52,Dedicated to You,Trouble Child,Barabara Mason,$48.75,Barbara Mason – Trouble Child / Dedicated To You,https://www.discogs.com/master/748096-Barbara-Mason-Trouble-Child-Dedicated-To-You
53,Guided Missiles,My Heart,The Cufflinks,$2.00,The Cuff Links (2) – Guided Missiles / My Heart,https://www.discogs.com/master/729041-The-Cuff-Links-Guided-Missiles-My-Heart
54,If Your Mother Only Knew,Way Over There,The Miracles,$25.00,The Miracles – If Your Mother Only Knew / Way Over There,https://www.discogs.com/release/2774589-The-Miracles-If-Your-Mother-Only-Knew-Way-Over-There
55,That's What Girls Are Made For,Heebie Jeebies,The Spinners,$300.00,The Spinners* – That's What Little Girls Are Made For,https://www.discogs.com/release/6513507-The-Spinners-Thats-What-Little-Girls-Are-Made-For-
56,Ain't That the Truth,Shoot Your Shot,Junior Walker and the All Stars,$5.00,Jr. Walker & The All Stars* – Shoot Your Shot / Ain't That The Truth,https://www.discogs.com/release/4962700-Jr-Walker-The-All-Stars-Shoot-Your-Shot-Aint-That-The-Truth
57,I've Never Found a Girl,I'm Just the Kind of Fool,Eddie Floyd,$1.99,Eddie Floyd – I've Never Found A Girl (To Love Me Like You Do) / I'm Just The Kind Of Fool,https://www.discogs.com/release/1155039-Eddie-Floyd-Ive-Never-Found-A-Girl-To-Love-Me-Like-You-Do-Im-Just-The-Kind-Of-Fool
58,Forever,Locking Up My Heart,The Marvelettes,$1.00,The Marvelettes – Forever / Locking Up My Heart,https://www.discogs.com/release/2133687-The-Marvelettes-Forever-Locking-Up-My-Heart
59,Take Me Back,Our Song,Little Anthony and the Imperials,$0.50,Little Anthony And The Imperials* – Take Me Back,https://www.discogs.com/master/518498-Little-Anthony-And-The-Imperials-Take-Me-Back
60,Twenty Five Miles,Love is My Destination,Edwin Starr,$0.25,Edwin Starr – Twenty-Five Miles / Love Is My Destination,https://www.discogs.com/master/209668-Edwin-Starr-Twenty-Five-Miles-Love-Is-My-Destination
61,Chain Gang/Bungaree Dolt,See You Later Alligator/Go on With the Wedding,Danny Daniels/Bud Roman/Sue Richards,0,UNKNOWN,UNKNOWN
62,Uptown,What a Nice Way to Turn Seventeen,The Chrystals,$0.45,The Crystals – Uptown / What A Nice Way To Turn Seventeen,https://www.discogs.com/master/457458-The-Crystals-Uptown-What-A-Nice-Way-To-Turn-Seventeen
63,I'm So Glad I Found You,Look Over Your Shoulder,The O'Jays,$2.00,The O'Jays – Look Over Your Shoulder / I'm So Glad I Found You,https://www.discogs.com/master/544853-The-OJays-Look-Over-Your-Shoulder-Im-So-Glad-I-Found-You
64,Piece of My Heart,"Baby, What You Want Me to Do",Erma Franklin,$0.50,Erma Franklin – Piece Of My Heart / Baby What You Want Me To Do,https://www.discogs.com/master/221487-Erma-Franklin-Piece-Of-My-Heart-Baby-What-You-Want-Me-To-Do
65,Win or Lose,I've Got to Have You,Fantastic Four,$0.22,Fantastic Four – I've Got To Have You / Win Or Lose (I'm Going To Love You),https://www.discogs.com/master/501031-Fantastic-Four-Ive-Got-To-Have-You-Win-Or-Lose-Im-Going-To-Love-You
66,And I Always Will,THe FIfe Piper,The Dynatones,$0.99,The Dynatones – The Fife Piper,https://www.discogs.com/master/721491-The-Dynatones-The-Fife-Piper
67,Flame of Love,I Know Better,The Flamingos,$2.00,The Flamingos – I Know Better / Flame Of Love,https://www.discogs.com/master/510544-The-Flamingos-I-Know-Better-Flame-Of-Love
68,Go! Head On,Hole in the Wall,The Packers,$0.98,The Packers – Hole In The Wall / Go 'Head On,https://www.discogs.com/master/411936-The-Packers-Hole-In-The-Wall-Go-Head-On
69,Find Me,Find Me,Attractions,$2.16,The National – Trouble Will Find Me,https://www.discogs.com/master/556601-The-National-Trouble-Will-Find-Me
70,You Know,You Better Go,Derek Martin,$0.99,Derek Martin – You Better Go / You Know,https://www.discogs.com/master/665397-Derek-Martin-You-Better-Go-You-Know
71,High on a Hill,When,Scott English,$0.73,Scott English – High On A Hill,https://www.discogs.com/master/390445-Scott-English-High-On-A-Hill
72,Old Love,You Beat Me to the Punch,Mary Wells,$0.99,Mary Wells – You Beat Me To The Punch / Old Love (Let's Try It Again),https://www.discogs.com/master/332277-Mary-Wells-You-Beat-Me-To-The-Punch-Old-Love-Lets-Try-It-Again
73,The Slop,Big Boy Pete,The Olympics,$0.60,The Olympics – Big Boy Pete,https://www.discogs.com/master/936432-The-Olympics-Big-Boy-Pete
74,Friday Night,Stand in For Love,The O'Jays,$0.98,The O'Jays – Stand In For Love / Friday Night,https://www.discogs.com/master/853309-The-OJays-Stand-In-For-Love-Friday-Night
75,If You Want to,Pretty Little Thing,The Carousels,$3.75,The Carousels – If You Want To / Pretty Little Thing,https://www.discogs.com/master/930063-The-Carousels-If-You-Want-To-Pretty-Little-Thing
76,It Must Be Love,Don't Let Her Be Your Baby,The Contours,$2.90,The Contours – Don't Let Her Be Your Baby,https://www.discogs.com/master/605661-The-Contours-Dont-Let-Her-Be-Your-Baby
77,I've Got to Have Her,Karate,The Emperors,$1.80,The Emperor's* – Karate / I've Got To Have Her,https://www.discogs.com/master/290222-The-Emperors-Karate-Ive-Got-To-Have-Her
78,"Happy, Happy Birthday Baby",Ol Man RIver,The Tune Weavers,$0.45,The Tune Weavers With Frank Paul's Orch.* – Happy- Happy Birthday Baby / Ol Man River,https://www.discogs.com/master/598926-The-Tune-Weavers-With-Frank-Pauls-Orch-Happy-Happy-Birthday-Baby-Ol-Man-River
79,Shine Again,Kiss-A-Kiss,The Adelphis,0,UNKNOWN,UNKNOWN
80,Bring My Daddy Home,City of Strangers,Chuck Corby and the Entrees,$190.00,Chuck Corby And The Entrees – City Of Strangers / Bring My Daddy Home,https://www.discogs.com/release/8623933-Chuck-Corby-And-The-Entrees-City-Of-Strangers-Bring-My-Daddy-Home
81,Watch the Flowers Grow,Raven,The 4 Seasons,$0.50,The 4 Seasons* – Watch The Flowers Grow,https://www.discogs.com/master/662437-The-4-Seasons-Watch-The-Flowers-Grow
82,Just Walk in My Shoes,Stepping Closer to Your Heart,Gladys Knight and The Pips,$25.56,Gladys Knight & The Pips* – Just Walk In My Shoes / Stepping Closer To Your Heart,https://www.discogs.com/release/7932830-Gladys-Knight-The-Pips-Just-Walk-In-My-Shoes-Stepping-Closer-To-Your-Heart
83,Tie A String Around Your Finger,My Daddy Knows Best,The Marvelettes,$0.99,The Marvelettes – My Daddy Knows Best / Tie A String Around Your Finger,https://www.discogs.com/master/786305-The-Marvelettes-My-Daddy-Knows-Best-Tie-A-String-Around-Your-Finger
84,Run Run Run,I'm Giving You Your Freedom,The Supremes,$3.00,The Supremes – Run- Run- Run / I'm Giving You Your Freedom,https://www.discogs.com/master/815383-The-Supremes-Run-Run-Run-Im-Giving-You-Your-Freedom
85,Where is the Party ,Something I Want to Tell You,Johnny and the Expressions,$0.50,Johnny And The Expressions* – Something I Want To Tell You / Where Is The Party,https://www.discogs.com/master/681821-Johnny-And-The-Expressions-Something-I-Want-To-Tell-You-Where-Is-The-Party
86,Young World,Summertime,Rick Nelson,$0.38,Rick Nelson* – Young World / Summertime,https://www.discogs.com/master/232149-Rick-Nelson-Young-World-Summertime
87,I ain't the Worryin' Kind,Isn't it Lonely Together,O.C.Smith,$0.63,O.C. Smith* – Isn't It Lonely Together / I Ain't The Worryin' Kind,https://www.discogs.com/master/404754-OC-Smith-Isnt-It-Lonely-Together-I-Aint-The-Worryin-Kind
88,Back to the Days of the Romans,Don't Stop Me,Lou Christie,$4.00,Lou Christie – Don't Stop Me (Jump Off The Edge Of Love) / Back To The Days Of The Romans,https://www.discogs.com/master/1144855-Lou-Christie-Dont-Stop-Me-Jump-Off-The-Edge-Of-Love-Back-To-The-Days-Of-The-Romans
89,I'm Sorry,Get it From the Bottom,The Steelers,$1.99,The Steelers (2) – Get It From The Bottom / I'm Sorry,https://www.discogs.com/master/223689-The-Steelers-Get-It-From-The-Bottom-Im-Sorry
90,Swish FIsh,39-21-46,The Showmen,$0.97,The Showmen – 39 - 21 - 46 / Swish Fish,https://www.discogs.com/master/518496-The-Showmen-39-21-46-Swish-Fish
91,Feelin' Fine,No Matter What Shape,The T-Bones,$0.29,The T-Bones – No Matter What Shape (Your Stomach's In),https://www.discogs.com/master/517723-The-T-Bones-No-Matter-What-Shape-Your-Stomachs-In
92,You're So Fine and Sweet,I Like it Like That,The Miracles,$1.29,The Miracles – I Like It Like That / You're So Fine And Sweet,https://www.discogs.com/master/412511-The-Miracles-I-Like-It-Like-That-Youre-So-Fine-And-Sweet
93,Shake,From Way Out to Way Under,Shadows of Night,$0.99,Shadows Of Knight* – Shake,https://www.discogs.com/master/206761-Shadows-Of-Knight-Shake
94,Go Little Willie,Emulsified,Rex Garvin and the Mighty Cravers,$15.99,Rex Garvin And The Mighty Cravers* – Emulsified / Go Little Willie,https://www.discogs.com/release/5945628-Rex-Garvin-And-The-Mighty-Cravers-Emulsified-Go-Little-Willie
95,Ooh Baby,Back to School,Bo Diddley,$1.00,Bo Diddley – Ooh Baby / Back To School,https://www.discogs.com/master/945068-Bo-Diddley-Ooh-Baby-Back-To-School
96,My Place,Everyday of My Life,The Augustine Twins,$19.03,The Augustine Twins (Don & Ron)* – Everyday Of My Life / My Place,https://www.discogs.com/release/5796659-The-Augustine-Twins-Don-Ron-Everyday-Of-My-Life-My-Place
97,Lickin Stick,So Long Goodbye,George Torrence and the Naturals,$1.50,George Torrence And The Naturals (29) – Lickin' Stick / So Long Goodbye,https://www.discogs.com/master/367104-George-Torrence-And-The-Naturals-Lickin-Stick-So-Long-Goodbye
98,He Will Break Your Heart,"Oh, How I Wish She Were Mine",Timothy Wilson,$130.00,Timothy Wilson – He Will Break Your Heart / Oh- How I Wish She Were Mine,https://www.discogs.com/release/7865784-Timothy-Wilson-He-Will-Break-Your-Heart-Oh-How-I-Wish-She-Were-Mine
99,4 Steps to Love,Image of a Girl,Safaris,$0.40,Safaris* With The Phantom's Band – Image Of A Girl,https://www.discogs.com/release/1554272-Safaris-With-The-Phantoms-Band-Image-Of-A-Girl
100,Stormy,24 Hours of Loneliness,Classics IV,$0.35,Classics IV* Featuring Dennis Yost – Stormy / 24 Hours Of Loneliness,https://www.discogs.com/master/346189-Classics-IV-Featuring-Dennis-Yost-Stormy-24-Hours-Of-Loneliness
101,You'll Soon Be Gone,If This is Love,The Precisions,$13.04,The Precisions – If This Is Love (I'd Rather Be Lonely),https://www.discogs.com/master/378219-The-Precisions-If-This-Is-Love-Id-Rather-Be-Lonely
102,Lovely Dee,You're On Top,The Untouchables,$1.00,The Untouchables (9) – You're On Top / Lovely Dee,https://www.discogs.com/master/1169158-The-Untouchables-Youre-On-Top-Lovely-Dee
103,Heartbreak Road,The Man in You,The Miracles,$1.00,The Miracles – (You Can't Let The Boy Overpower) The Man In You,https://www.discogs.com/master/710315-The-Miracles-You-Cant-Let-The-Boy-Overpower-The-Man-In-You
104,Funky Broadway Part 1,Funky Broadway Part 2,Dyke and the Blazers,$9.99,Dyke And The Blazers* – The Funky Broadway,https://www.discogs.com/master/207295-Dyke-And-The-Blazers-The-Funky-Broadway
105,How Does it Feel,Crack Up Laughing,The O'Jays,$1.99,The O'Jays – How Does It Feel / Crack Up Laughing,https://www.discogs.com/master/631990-The-OJays-How-Does-It-Feel-Crack-Up-Laughing
106,Country Fool,It Will Stand,The Showmen,$1.00,The Showmen – It Will Stand / Country Fool,https://www.discogs.com/master/518497-The-Showmen-It-Will-Stand-Country-Fool
107,Does Your Mame Know About Me,Fading Away,Bobby Taylor and the Vancouvers,0,UNKNOWN,UNKNOWN
108,First I Look At The Purse,Searching for a Girl,The Contours,$2.50,The Contours – First I Look At The Purse,https://www.discogs.com/master/278119-The-Contours-First-I-Look-At-The-Purse
109,Long Black Limousine,Little Green Apples,O.C.Smith,$0.35,O. C. Smith* – Little Green Apples / Long Black Limousine,https://www.discogs.com/master/337630-O-C-Smith-Little-Green-Apples-Long-Black-Limousine
110,Time on Your Side,Reach Out of the Darkness,Friend and Lover,$0.70,Friend And Lover – Reach Out Of The Darkness / Time On Your Side,https://www.discogs.com/master/225612-Friend-And-Lover-Reach-Out-Of-The-Darkness-Time-On-Your-Side
111,Comin Home Baby,More,Kai Winding and Orchestra,$0.75,Kai Winding & Orchestra* – More / Comin' Home Baby,https://www.discogs.com/master/329072-Kai-Winding-Orchestra-More-Comin-Home-Baby
112,It's True I Love You,Love is Strange,Peaches and Herb,$0.69,Peaches And Herb* – Love Is Strange / It's True I Love You,https://www.discogs.com/master/437460-Peaches-And-Herb-Love-Is-Strange-Its-True-I-Love-You
113,Don'tcha Hear Me Callin' to ya,Let the Sunshine in,The 5th Dimension,$0.99,The 5th Dimension* – Medley: Aquarius / Let The Sunshine In (The Flesh Failures) / Don'tcha Hear Me Callin' To Ya,https://www.discogs.com/release/5252486-The-5th-Dimension-Medley-Aquarius-Let-The-Sunshine-In-The-Flesh-Failures-Dontcha-Hear-Me-Callin-To-Y
114,Water Boy,Didn't it Rain,Evelyn Freeman,$4.00,Evelyn Freeman – Didn't It Rain / Water Boy,https://www.discogs.com/master/539646-Evelyn-Freeman-Didnt-It-Rain-Water-Boy
115,Summer in the City,Butchies Tune,The Lovin Spoonful,$0.35,The Lovin' Spoonful – Summer In The City,https://www.discogs.com/master/202891-The-Lovin-Spoonful-Summer-In-The-City
116,Kissin in the Kitchen,Duke of Earl,Gene Chandler,$0.25,Gene Chandler – Duke Of Earl / Kissin' In The Kitchen,https://www.discogs.com/master/211962-Gene-Chandler-Duke-Of-Earl-Kissin-In-The-Kitchen
117,People Get Ready,Time Has Come Today,The Chambers Brothers,$0.95,The Chambers Brothers – Time Has Come Today,https://www.discogs.com/master/300382-The-Chambers-Brothers-Time-Has-Come-Today
118,Can't Buy Me Love,You Can't Do That ,The Beatles,$0.15,The Beatles – Can't Buy Me Love,https://www.discogs.com/master/45871-The-Beatles-Cant-Buy-Me-Love
119,Break Your Promise,Alfie,The Delfonics,$0.90,The Delfonics – Break Your Promise / Alfie,https://www.discogs.com/master/445762-The-Delfonics-Break-Your-Promise-Alfie
120,What Good Am I Without You,I Want You Round,Marvin Gaye and Kim Weston,$0.99,Marvin Gaye & Kim Weston – What Good Am I Without You,https://www.discogs.com/master/363591-Marvin-Gaye-Kim-Weston-What-Good-Am-I-Without-You
121,I'm Sorry,You're Gone,The Delfonics,$0.74,The Delfonics – I'm Sorry / You're Gone,https://www.discogs.com/master/580849-The-Delfonics-Im-Sorry-Youre-Gone
122,Young Girl,I'm Losing You,The Union Gap,$0.19,The Union Gap Featuring Gary Puckett* – Young Girl / I'm Losing You,https://www.discogs.com/master/153794-The-Union-Gap-Featuring-Gary-Puckett-Young-Girl-Im-Losing-You
123,Roscoe James McClain,So in Love,The Tymes,$0.10,The Tymes – So Much In Love / Roscoe James McClain,https://www.discogs.com/master/240645-The-Tymes-So-Much-In-Love-Roscoe-James-McClain
124,Keep On Dancing,Make up Your Mind,The Gentrys,$1.08,The Gentrys – Keep On Dancing / Make Up Your Mind,https://www.discogs.com/release/1805541-The-Gentrys-Keep-On-Dancing-Make-Up-Your-Mind
125,Bread,Sunny,Bobby Hebb,$0.10,Bobby Hebb – Sunny / Bread,https://www.discogs.com/master/213665-Bobby-Hebb-Sunny-Bread
126,Hey Diddle Diddle,"Little Darling, I Need You",Marvin Gaye,$1.85,Marvin Gaye – Little Darling- I Need You / Hey Diddle Diddle,https://www.discogs.com/release/2075973-Marvin-Gaye-Little-Darling-I-Need-You-Hey-Diddle-Diddle
127,I Couldn't Cry if I Wanted To,I'm Losing You,The Temptations,$0.50,The Temptations – (I Know) I'm Losing You,https://www.discogs.com/master/312788-The-Temptations-I-Know-Im-Losing-You
128,Rip Van WInkle,For Sentimental Reasons,The Devotions,$0.49,The Devotions – Rip Van Winkle / (I Love You) For Sentimental Reasons,https://www.discogs.com/master/384581-The-Devotions-Rip-Van-Winkle-I-Love-You-For-Sentimental-Reasons
129,A Quiet Tear,This Guy's in Love With You,Herb Alpert,$0.14,Herb Alpert – This Guy's In Love With You,https://www.discogs.com/master/249396-Herb-Alpert-This-Guys-In-Love-With-You
130,Blue Velvet,Could This Be Magic,The Dubs,$1.75,The Dubs – Could This Be Magic / Blue Velvet,https://www.discogs.com/master/2988461-The-Dubs-Could-This-Be-Magic-Blue-Velvet
131,Ain't Too Proud to Beg,You'll Lose a Precious Love,The Temptations,$0.75,The Temptations – Ain't Too Proud To Beg / You'll Lose A Precious Love,https://www.discogs.com/release/4025170-The-Temptations-Aint-Too-Proud-To-Beg-Youll-Lose-A-Precious-Love
132,Summer Rain,Memory of the Coming Good,Johnny Rivers,$0.55,Johnny Rivers – Summer Rain / Memory Of The Coming Good,https://www.discogs.com/master/445961-Johnny-Rivers-Summer-Rain-Memory-Of-The-Coming-Good
133,I Gotta Dream On,Mrs Brown You've Got a Lovely Daughter,Herman's Hermits,$0.25,Herman's Hermits – Mrs. Brown You've Got A Lovely Daughter / I Gotta Dream On,https://www.discogs.com/master/360502-Hermans-Hermits-Mrs-Brown-Youve-Got-A-Lovely-Daughter-I-Gotta-Dream-On
134,Incense and Peppermints,The Birdman of Alkatrash,Strawberry Alarm Clock,$0.25,Strawberry Alarm Clock – Incense And Peppermints / The Birdman Of Alkatrash,https://www.discogs.com/master/93847-Strawberry-Alarm-Clock-Incense-And-Peppermints-The-Birdman-Of-Alkatrash
135,Spooky,Poor People,Classics IV,$0.53,Classics IV* – Spooky / Poor People,https://www.discogs.com/master/326245-Classics-IV-Spooky-Poor-People
136,This I Know,Daddy's Home,Shep and the Limelites,$0.95,Shep And The Limelites* – Daddy's Home / This I Know,https://www.discogs.com/master/241046-Shep-And-The-Limelites-Daddys-Home-This-I-Know
137,Baby I'm For Real,Moment of Truth,The Originals,$0.40,The Originals – Baby I'm For Real / Moment Of Truth,https://www.discogs.com/master/244981-The-Originals-Baby-Im-For-Real-Moment-Of-Truth
138,I love you whoever you are,,Bing Crosby,$0.99,Bing Crosby – Never Be Afraid / I Love You Whoever You Are,https://www.discogs.com/master/904927-Bing-Crosby-Never-Be-Afraid-I-Love-You-Whoever-You-Are
139,Old Donegal,,Bing Crosby,$0.75,Bing Crosby – MacNamara's Band / Dear Old Donegal,https://www.discogs.com/release/2087554-Bing-Crosby-MacNamaras-Band-Dear-Old-Donegal
140,Where the River Shannon Flows,,Bing Crosby,$0.68,Bing Crosby With The King's Men – Did Your Mother Come From Ireland? / Where The River Shannon Flows,https://www.discogs.com/release/1958880-Bing-Crosby-With-The-Kings-Men-Did-Your-Mother-Come-From-Ireland-Where-The-River-Shannon-Flows
141,The Rose of Trales,,Bing Crosby,0,UNKNOWN,UNKNOWN
142,Macnamara's Band,,Bing Crosby,$0.75,Bing Crosby – MacNamara's Band / Dear Old Donegal,https://www.discogs.com/release/2087554-Bing-Crosby-MacNamaras-Band-Dear-Old-Donegal
143,Silent Night ,,Bing Crosby,$0.54,Bing Crosby – White Christmas / Silent Night,https://www.discogs.com/master/411554-Bing-Crosby-White-Christmas-Silent-Night
144,I tell my troubles to Joe,,Mel Blanc,$2.69,Mel Blanc – I Tell My Troubles To Joe / The Missus Wouldn't Approve,https://www.discogs.com/release/10697789-Mel-Blanc-I-Tell-My-Troubles-To-Joe-The-Missus-Wouldnt-Approve
145,Bringing in the gold,,Howard Crockett,$1.99,Howard Crockett – I've Been A Long Time Leaving / Bringing In The Gold,https://www.discogs.com/master/1123470-Howard-Crockett-Ive-Been-A-Long-Time-Leaving-Bringing-In-The-Gold
146,Adesta Fidelas,,David Whitfield,0,UNKNOWN,UNKNOWN
147,I heard the bells,,Bing Crosby,$1.50,Bing Crosby – I Heard The Bells On Christmas Day / Christmas Is A-Comin' (May God Bless You),https://www.discogs.com/master/806296-Bing-Crosby-I-Heard-The-Bells-On-Christmas-Day-Christmas-Is-A-Comin-May-God-Bless-You
148,God rest ye merry gent,,Bing Crosby,$0.59,Bing Crosby – White Christmas / God Rest Ye Merry Gentlemen,https://www.discogs.com/release/1181878-Bing-Crosby-White-Christmas-God-Rest-Ye-Merry-Gentlemen
149,My Car won't go,,Da Yoopers,$0.60,Da Yoopers – Second Week Of Deer Camp,https://www.discogs.com/release/3206401-Da-Yoopers-Second-Week-Of-Deer-Camp
150,Beer drinking music,,Ray Sanders,0,UNKNOWN,UNKNOWN
151,Love is bigger than FB,,Sammy Jay and the Comics ,0,UNKNOWN,UNKNOWN
152,Concrete and Cars,,Eddie Rambeau,0,UNKNOWN,UNKNOWN
153,Star Bright,,Johnny Mathis,0,UNKNOWN,UNKNOWN
154,Unaccustomed as I am,,Johnny Mathis,$0.56,Johnny Mathis – Marianna,https://www.discogs.com/master/785616-Johnny-Mathis-Marianna
155,Very much in love,,Johnny Mathis,$0.50,Johnny Mathis – Someone / Very Much In Love,https://www.discogs.com/master/491830-Johnny-Mathis-Someone-Very-Much-In-Love
156,Paradise,,Roger Whittaker,$0.25,Roger Whittaker – The Last Farewell / Paradise,https://www.discogs.com/master/760447-Roger-Whittaker-The-Last-Farewell-Paradise
157,I Wish I was 18 again,,George Burns,$7.50,George Burns – I Wish I Was Eighteen Again,https://www.discogs.com/release/25745230-George-Burns-I-Wish-I-Was-Eighteen-Again
158,Tell it to me again,,Frank Lester,$0.99,Frank Lester Chorus And Orchestra* – Tell It To Me Again / (I'm Always Hearing) Wedding Bells,https://www.discogs.com/master/1033034-Frank-Lester-Chorus-And-Orchestra-Tell-It-To-Me-Again-Im-Always-Hearing-Wedding-Bells
159,Marching to Pretoria,,Bob Gibson,$0.50,Bob Gibson – Marching To Pretoria / I'm Never To Marry /,https://www.discogs.com/master/1030693-Bob-Gibson-Marching-To-Pretoria-Im-Never-To-Marry-
160,You name it (She's got it),,Gene O'Quinn,0,UNKNOWN,UNKNOWN
161,Little Green Apples,,Tony Bennett,$0.50,Tony Bennett – Coco / Little Green Apples,https://www.discogs.com/master/849887-Tony-Bennett-Coco-Little-Green-Apples
162,Sweet Surrender,,John Denver,$0.25,John Denver – Sweet Surrender,https://www.discogs.com/master/403442-John-Denver-Sweet-Surrender
163,You to me are everything,,Frankie Valli,$1.24,Frankie Valli – We're All Alone,https://www.discogs.com/release/2312614-Frankie-Valli-Were-All-Alone
164,He did with me,,Vicki Lawrence,$0.29,Vicki Lawrence – He Did With Me,https://www.discogs.com/master/480322-Vicki-Lawrence-He-Did-With-Me
165,If not for you,,Olivia Newton John,$0.25,Olivia Newton-John – If Not For You,https://www.discogs.com/master/103160-Olivia-Newton-John-If-Not-For-You
166,Fascination,,Jane Morgan,$0.50,Jane Morgan And The Troubadors – Fascination,https://www.discogs.com/master/607378-Jane-Morgan-And-The-Troubadors-Fascination
167,Living in a House Divided,,Cher,$0.19,Chér* – Living In A House Divided,https://www.discogs.com/master/69117-Ch%C3%A9r-Living-In-A-House-Divided-
168,For all we know,,Steve and Eydie,$2.00,"Steve & Eydie – Did You Give The World Some Love Today, Babe? / For All We Know",https://www.discogs.com/release/5437717-Steve-Eydie-Did-You-Give-The-World-Some-Love-Today-Babe-For-All-We-Know
169,all shook up,,vicki young,$4.00,Vicki Young (2) – All Shook Up / Let There Be You,https://www.discogs.com/master/1296034-Vicki-Young-All-Shook-Up-Let-There-Be-You
170,something special,,Dusty Springfield,$1.16,Dusty Springfield – Stay Awhile / Something Special,https://www.discogs.com/release/4504802-Dusty-Springfield-Stay-Awhile-Something-Special
171,i've gotta be me,,sammy davis jr,$0.68,"Sammy Davis, Jr.* – I've Gotta Be Me",https://www.discogs.com/master/670606-Sammy-Davis-Jr-Ive-Gotta-Be-Me
172,the candy man,,sammy davis jr,$0.25,"Sammy Davis, Jr.* With The Mike Curb Congregation* – The Candy Man / I Want To Be Happy",https://www.discogs.com/master/142326-Sammy-Davis-Jr-With-The-Mike-Curb-Congregation-The-Candy-Man-I-Want-To-Be-Happy
173,a prayer was born,,charlie applewhite,$1.50,Charlie Applewhite – A Prayer Was Born,https://www.discogs.com/master/1237884-Charlie-Applewhite-A-Prayer-Was-Born
174,no man can stand alone,,Johnny Mathis,$1.09,Johnny Mathis – Every Step Of The Way / No Man Can Stand Alone,https://www.discogs.com/release/5775839-Johnny-Mathis-Every-Step-Of-The-Way-No-Man-Can-Stand-Alone
175,kum ba yah,,tommy leonetti,$0.95,Tommy Leonetti – Kum Ba Yah,https://www.discogs.com/master/1236368-Tommy-Leonetti-Kum-Ba-Yah
176,how does it feel,,engelbert humperdinck,$0.29,Engelbert Humperdinck – In Time / How Does It Feel,https://www.discogs.com/master/110018-Engelbert-Humperdinck-In-Time-How-Does-It-Feel
177,since i don't have you,,lenny welch,$1.09,Lenny Welch – Since I Don't Have You,https://www.discogs.com/master/778224-Lenny-Welch-Since-I-Dont-Have-You
178,I'm walkin down a one way street,,guy mitchell,$0.99,Guy Mitchell With Ray Conniff And His Orch.* – The Lord Made A Peanut,https://www.discogs.com/master/532627-Guy-Mitchell-With-Ray-Conniff-And-His-Orch-The-Lord-Made-A-Peanut
179,born free,,don ho,$0.49,Don Ho And The Aliis – Tiny Bubbles / Born Free,https://www.discogs.com/master/415543-Don-Ho-And-The-Aliis-Tiny-Bubbles-Born-Free
180,boy from new york city,,the manhatten transfers,0,UNKNOWN,UNKNOWN
181,on the boulevard,,the manhatten transfers,0,UNKNOWN,UNKNOWN
182,storms of troubled times,,lettermen,$1.24,The Lettermen – The Way You Look Tonight,https://www.discogs.com/release/3046241-The-Lettermen-The-Way-You-Look-Tonight
183,wimoweh,,the weavers,$0.99,The Weavers And Gordon Jenkins And His Chorus And Orchestra* – Old Paint (Ride Around Little Dogies) / Wimoweh,https://www.discogs.com/release/1811730-The-Weavers-And-Gordon-Jenkins-And-His-Chorus-And-Orchestra-Old-Paint-Ride-Around-Little-Dogies-Wimo
184,fascination,,jane morgan and the troubadors,$0.50,Jane Morgan And The Troubadors – Fascination,https://www.discogs.com/master/607378-Jane-Morgan-And-The-Troubadors-Fascination
185,i keep it hid,,jim webb,$9.00,Jim Webb* – I Keep It Hid,https://www.discogs.com/release/13773400-Jim-Webb-I-Keep-It-Hid
186,wet,,barbara streisand,$1.06,Barbra Streisand / Donna Summer – No More Tears (Enough Is Enough),https://www.discogs.com/release/99270-Barbra-Streisand-Donna-Summer-No-More-Tears-Enough-Is-Enough
187,run wild,,barbara streisand,0,UNKNOWN,UNKNOWN
188,my heart belongs to me ,,barbara streisand,0,UNKNOWN,UNKNOWN
189,heartbeat,,pat benatad,0,UNKNOWN,UNKNOWN
190,train of thought,,cher,$0.50,Chér* – Train Of Thought / Dixie Girl,https://www.discogs.com/master/229410-Ch%C3%A9r-Train-Of-Thought-Dixie-Girl
191,i'd rather be alone,,helen reddy,$0.99,Helen Reddy – We'll Sing In The Sunshine / I'd Rather Be Alone,https://www.discogs.com/release/1474099-Helen-Reddy-Well-Sing-In-The-Sunshine-Id-Rather-Be-Alone
192,the mexican connection,,billy joel,$119.99,"Billy Joel – The Vinyl Collection, Vol. 1",https://www.discogs.com/master/2860102-Billy-Joel-The-Vinyl-Collection-Vol-1
193,a hundred years ago,,the limeliters,$1.00,The Limeliters – A Hundred Years Ago / Paco Peco,https://www.discogs.com/master/1226837-The-Limeliters-A-Hundred-Years-Ago-Paco-Peco
194,the answer,,connie francis,$0.63,Connie Francis – Should I Tie A Yellow Ribbon Round The Ole Oak Tree? ”The Answer” / Paint The Rain,https://www.discogs.com/master/560828-Connie-Francis-Should-I-Tie-A-Yellow-Ribbon-Round-The-Ole-Oak-Tree-The-Answer-Paint-The-Rain
195,snowbird,,anne murray,$0.40,Anne Murray – Snowbird,https://www.discogs.com/master/280641-Anne-Murray-Snowbird
196,to sir with love,,lulu,$0.85,Lulu – To Sir With Love / Morning Dew,https://www.discogs.com/master/531376-Lulu-To-Sir-With-Love-Morning-Dew
197,least of all you,,marie osmond,$0.09,Marie Osmond – Paper Roses / Least Of All You,https://www.discogs.com/master/198759-Marie-Osmond-Paper-Roses-Least-Of-All-You
198,to bobby,,joan baez,$1.00,Joan Baez – In The Quiet Morning (For Janis Joplin),https://www.discogs.com/master/479959-Joan-Baez-In-The-Quiet-Morning-For-Janis-Joplin
199,i think i'll write a song,,helen reddy,$0.99,Helen Reddy – Angie Baby / I Think I'll Write A Song,https://www.discogs.com/release/7046229-Helen-Reddy-Angie-Baby-I-Think-Ill-Write-A-Song
200,the way we were,,barbara streisand,$10.87,Barbara Streisand* – The Way We Were,https://www.discogs.com/release/6222550-Barbara-Streisand-The-Way-We-Were
201,maybe then i'll think of you,,Olivia Newton John,$0.90,Olivia Newton-John – Let Me Be There / Maybe Then I'll Think Of You,https://www.discogs.com/release/3695749-Olivia-Newton-John-Let-Me-Be-There-Maybe-Then-Ill-Think-Of-You
202,one way or another,,blondie,$0.74,Blondie – One Way Or Another,https://www.discogs.com/master/339810-Blondie-One-Way-Or-Another
203,you're so vain,,carly simon,$0.05,Carly Simon – You're So Vain,https://www.discogs.com/master/117180-Carly-Simon-Youre-So-Vain
204,i never loved anyone but you,,trudy richards,$1.00,Trudy Richards – I Never Loved Anyone But You / I Don't Mind,https://www.discogs.com/master/1513147-Trudy-Richards-I-Never-Loved-Anyone-But-You-I-Dont-Mind
205,i hear bells,,the barry sisters,$1.41,The Barry Sisters – I Hear Bells,https://www.discogs.com/release/8354289-The-Barry-Sisters-I-Hear-Bells
206,i don't want to talk about it,,nancy ames,$4.44,Nancy Ames – I Don't Want To Talk About It,https://www.discogs.com/master/522385-Nancy-Ames-I-Dont-Want-To-Talk-About-It
207,take my hand,,jerri adams,$2.17,Jerri Adams – Take My Hand (Show Me The Way),https://www.discogs.com/release/8074049-Jerri-Adams-Take-My-Hand-Show-Me-The-Way
208,have you looked into your heart,,jerry vale,$0.49,Jerry Vale – Have You Looked Into Your Heart,https://www.discogs.com/master/872651-Jerry-Vale-Have-You-Looked-Into-Your-Heart
209,i am,,tony bennett,$0.10,Tony Bennett – I Am,https://www.discogs.com/master/431112-Tony-Bennett-I-Am-
210,a little bitty tear,,burlives,0,UNKNOWN,UNKNOWN
211,i'll remember you,,robin wilson,$5.00,Robin Wilson – I'll Remember You / You Take What Comes Along,https://www.discogs.com/release/13235689-Robin-Wilson-Ill-Remember-You-You-Take-What-Comes-Along
212,long time lookin,,helen reddy,$2.07,Helen Reddy – Ain't No Way To Treat A Lady / Long Time Looking,https://www.discogs.com/release/11081352-Helen-Reddy-Aint-No-Way-To-Treat-A-Lady-Long-Time-Looking
213,borrowed time,,Olivia Newton John,$0.33,Olivia Newton-John – A Little More Love / Borrowed Time,https://www.discogs.com/release/3035190-Olivia-Newton-John-A-Little-More-Love-Borrowed-Time
214,you keep me dancing,,denny randell,$0.39,Samantha Sang – You Keep Me Dancing,https://www.discogs.com/release/2366730-Samantha-Sang-You-Keep-Me-Dancing
215,the way you do the things you do,,rita coolidge,$0.27,Rita Coolidge – The Way You Do The Things You Do,https://www.discogs.com/master/297662-Rita-Coolidge-The-Way-You-Do-The-Things-You-Do
216,you light up my life,,debby boone,$0.10,Debby Boone – You Light Up My Life / Hasta Mañana,https://www.discogs.com/master/115747-Debby-Boone-You-Light-Up-My-Life-Hasta-Ma%C3%B1ana
217,breakfast in bed,,shirley bassy,0,UNKNOWN,UNKNOWN
218,my how you've grown,,adam taylor,$1.00,Adam Taylor (15) – My How You've Grown,https://www.discogs.com/release/6439845-Adam-Taylor-My-How-Youve-Grown
219,calm before the storm,,sheena easton,$0.50,Sheena Easton – Morning Train (Nine To Five),https://www.discogs.com/release/1048883-Sheena-Easton-Morning-Train-Nine-To-Five
220,shadows in the moonlight,,anny murray,0,UNKNOWN,UNKNOWN
221,change of heart,,samantha sang,$0.39,Samantha Sang – You Keep Me Dancing,https://www.discogs.com/release/2366730-Samantha-Sang-You-Keep-Me-Dancing
222,ten to eight,,helen reddy,$0.49,Helen Reddy – Somewhere In The Night / Ten To Eight,https://www.discogs.com/master/687634-Helen-Reddy-Somewhere-In-The-Night-Ten-To-Eight
223,dark lady,,cher,$0.25,Chér* – Dark Lady,https://www.discogs.com/master/69112-Ch%C3%A9r-Dark-Lady
224,half breed,,cher,$0.16,Chér* – Half-Breed,https://www.discogs.com/master/69183-Ch%C3%A9r-Half-Breed
225,make it easy on yourself,,dionne warnick,0,UNKNOWN,UNKNOWN
226,i am woman,,barbara streisand,0,UNKNOWN,UNKNOWN
227,emotion,,johnny mathis,$0.01,"Johnny Mathis & Deniece Williams – Too Much, Too Little, Too Late",https://www.discogs.com/master/30049-Johnny-Mathis-Deniece-Williams-Too-Much-Too-Little-Too-Late
228,any way that you want it,,evie sands,0,UNKNOWN,UNKNOWN
229,first impression,,eydie gorme,$0.39,Eydie Gorme* – I'll Take Romance,https://www.discogs.com/master/1709781-Eydie-Gorme-Ill-Take-Romance
230,dancin in the street,,david bowie/mick jagger,$0.10,David Bowie And Mick Jagger – Dancing In The Street,https://www.discogs.com/master/51293-David-Bowie-And-Mick-Jagger-Dancing-In-The-Street
231,day-in-day-out,,david bowie ,$0.54,David Bowie – Day-In Day-Out,https://www.discogs.com/master/51369-David-Bowie-Day-In-Day-Out
232,no promises,,davies/ b. kretschmer,$0.98,Icehouse – No Promises,https://www.discogs.com/master/123655-Icehouse-No-Promises
233,lonely people,,mad dog,$0.49,America (2) – Lonely People,https://www.discogs.com/master/245390-America-Lonely-People
234,deportee,,joan baez,$0.90,Joan Baez – Maria Dolores / Deportee (Plane Wreck At Los Gatos),https://www.discogs.com/master/1247620-Joan-Baez-Maria-Dolores-Deportee-Plane-Wreck-At-Los-Gatos
235,"toot, toot, tootie",,jerry vale,0,UNKNOWN,UNKNOWN
236,take me home,,cher,$0.75,Cher – Take Me Home,https://www.discogs.com/release/1417619-Cher-Take-Me-Home
237,don't hide you love,,cher,$0.50,Chér* – Don't Hide Your Love,https://www.discogs.com/master/329172-Ch%C3%A9r-Dont-Hide-Your-Love
238,when you say love,,sonny-cher,$0.19,Sonny & Chér* – When You Say Love,https://www.discogs.com/master/244824-Sonny-Ch%C3%A9r-When-You-Say-Love
239,crystal clear/muddy waters,,sonny-cher,$0.19,Sonny & Chér* – When You Say Love,https://www.discogs.com/master/244824-Sonny-Ch%C3%A9r-When-You-Say-Love
240,the piney wood hills,,buffy sainte marie,$0.31,Buffy Sainte-Marie – I'm Gonna Be A Country Girl Again,https://www.discogs.com/master/290255-Buffy-Sainte-Marie-Im-Gonna-Be-A-Country-Girl-Again
241,reap what you sow,,merrtlle rush,0,UNKNOWN,UNKNOWN
242,warm and tender,,johnny mathis,$2.00,Johnny Mathis – Johnny Mathis Chante,https://www.discogs.com/release/7991964-Johnny-Mathis-Johnny-Mathis-Chante
243,alone again naturally,,gilbert and sullivan,$5.00,Big Jim Sullivan – Out Of The Question,https://www.discogs.com/release/7690115-Big-Jim-Sullivan-Out-Of-The-Question
244,melodies of love,,joe sample,0,Joe Sample – There Are Many Stops Along The Way / Melodies Of Love,https://www.discogs.com/release/14441582-Joe-Sample-There-Are-Many-Stops-Along-The-Way-Melodies-Of-Love
245,doctor's orders,,carol douglas,$0.25,Carol Douglas – Doctor's Orders,https://www.discogs.com/master/81404-Carol-Douglas-Doctors-Orders
246,lady love,,mama cass elliot,$1.00,Mama Cass Elliot* – Make Your Own Kind Of Music / Lady Love,https://www.discogs.com/master/339318-Mama-Cass-Elliot-Make-Your-Own-Kind-Of-Music-Lady-Love
247,long life,,perry como,$0.01,"Perry Como – It's Impossible / Long Life, Lots Of Happiness",https://www.discogs.com/release/1657097-Perry-Como-Its-Impossible-Long-Life-Lots-Of-Happiness
248,read em and weep,,barry manilow,$0.25,Barry Manilow – Read 'Em And Weep,https://www.discogs.com/master/77701-Barry-Manilow-Read-Em-And-Weep
249,you name it  ,,Gene O'Quinn,0,UNKNOWN,UNKNOWN
250,wild is the wind,,johnny mathis,$0.40,Johnny Mathis – Wild Is The Wind,https://www.discogs.com/master/256127-Johnny-Mathis-Wild-Is-The-Wind
251,america the beautiful,,the west bound strings,0,UNKNOWN,UNKNOWN
252,long legged ladies,,morty craft,$1.00,Morty Craft His Orchestra And Chorus* – Long Legged Ladies Of Labrador / It's Melody Time,https://www.discogs.com/master/1217271-Morty-Craft-His-Orchestra-And-Chorus-Long-Legged-Ladies-Of-Labrador-Its-Melody-Time
253,the breeze and i,,catarina valentine,$6.52,Breeze (32) – Breeze,https://www.discogs.com/master/485805-Breeze-Breeze
254,from 9 to 5,,denise lor,$2.00,Denise Lor – Our Future Has Only Begun,https://www.discogs.com/master/1374748-Denise-Lor-Our-Future-Has-Only-Begun
255,now-a-days,,betty madigan,$5.00,Betty Madigan – Just Like Sam,https://www.discogs.com/release/11468016-Betty-Madigan-Just-Like-Sam
256,The Rose ,,bette midler,$0.40,Bette Midler – The Rose,https://www.discogs.com/master/113260-Bette-Midler-The-Rose
257,it's getting better,,mama cass elliot,$0.13,Mama Cass* – It's Getting Better,https://www.discogs.com/master/124881-Mama-Cass-Its-Getting-Better
258,pickin' up pieces,,brenda k starr,$0.54,Brenda K. Starr – Pickin' Up Pieces,https://www.discogs.com/master/153950-Brenda-K-Starr-Pickin-Up-Pieces
259,the same moon,,mareen mcgovern,0,UNKNOWN,UNKNOWN
260,shattered,,linda ronstadt,$0.25,Linda Ronstadt – All My Life / Shattered,https://www.discogs.com/release/1424434-Linda-Ronstadt-All-My-Life-Shattered
261,can't we talk it over in bed,,Olivia Newton John,$3.91,Olivia Newton-John – Can't We Talk It Over In Bed,https://www.discogs.com/master/352214-Olivia-Newton-John-Cant-We-Talk-It-Over-In-Bed
262,the loveliest night of the year,,ann blyth,0,UNKNOWN,UNKNOWN
263,after the lovin,,engelbert humperdinck,$0.15,Engelbert Humperdinck – After The Lovin',https://www.discogs.com/master/366167-Engelbert-Humperdinck-After-The-Lovin
264,the ballad of the green berets,,ssgt barry sadler,$0.01,SSgt Barry Sadler* – The Ballad Of The Green Berets / Letter From Vietnam,https://www.discogs.com/master/90925-SSgt-Barry-Sadler-The-Ballad-Of-The-Green-Berets-Letter-From-Vietnam
265,alice doesn't live here anymore,,bobby goldsboro,0,UNKNOWN,UNKNOWN
266,i can't forget last night,,jerry wayne,$1.69,"Jerry Wayne – You Can't Be True, Dear",https://www.discogs.com/release/3682633-Jerry-Wayne-You-Cant-Be-True-Dear
267,broken promises,,pat torpey,$0.99,Pat Torpey (2) – Broken Promises/Don't Turn The Corner,https://www.discogs.com/master/717517-Pat-Torpey-Broken-PromisesDont-Turn-The-Corner
268,my way,,tom jones,$0.53,Tom Jones – She's A Lady / My Way,https://www.discogs.com/release/778167-Tom-Jones-Shes-A-Lady-My-Way
269,my buddy carl,,victor lundberg,$0.39,Victor Lundberg – An Open Letter To My Teenage Son,https://www.discogs.com/master/408906-Victor-Lundberg-An-Open-Letter-To-My-Teenage-Son
270,i'd do it all again,,vikki carr,$0.50,Vikki Carr – I'd Do It All Again / I'm Gonna Love You,https://www.discogs.com/master/528003-Vikki-Carr-Id-Do-It-All-Again-Im-Gonna-Love-You
271,reason to believe,,cher,$2.60,Cher – Reason To Believe / Will You Love Me Tomorrow,https://www.discogs.com/release/3081906-Cher-Reason-To-Believe-Will-You-Love-Me-Tomorrow
272,never look back,,doris day,$0.25,Doris Day – I'll Never Stop Loving You / Never Look Back,https://www.discogs.com/master/632704-Doris-Day-Ill-Never-Stop-Loving-You-Never-Look-Back
273,military rap,,debbie harry,$1.00,Debbie Harry* – KooKoo,https://www.discogs.com/master/57420-Debbie-Harry-KooKoo
274,never wanna leave you,,pat benatar,$0.39,Pat Benatar – Treat Me Right,https://www.discogs.com/release/741280-Pat-Benatar-Treat-Me-Right
275,it's gonna rain,,sonny-cher,$1.08,Sonny & Cher – I Got You Babe / It's Gonna Rain,https://www.discogs.com/release/1653932-Sonny-Cher-I-Got-You-Babe-Its-Gonna-Rain
276,deep purple,,donny and marie osmond,$0.25,Donny And Marie Osmond* – Deep Purple / Take Me Back Again,https://www.discogs.com/master/245418-Donny-And-Marie-Osmond-Deep-Purple-Take-Me-Back-Again
277,come to me,,johnny mathis,$0.05,Johnny Mathis – Come To Me / When I Am With You,https://www.discogs.com/master/713039-Johnny-Mathis-Come-To-Me-When-I-Am-With-You
278,promise,,kris peterson,$2.34,Kris Peterson – Promise / Hard Sometimes,https://www.discogs.com/master/2328541-Kris-Peterson-Promise-Hard-Sometimes
279,weekend in new england,,barry manilow,$0.35,Barry Manilow – Weekend In New England / Say The Words,https://www.discogs.com/master/221240-Barry-Manilow-Weekend-In-New-England-Say-The-Words
280,dancer,,gino soccio,$0.50,Gino Soccio – Dancer,https://www.discogs.com/master/67554-Gino-Soccio-Dancer
281,fly me to the moon,,tony bennett,$1.09,Tony Bennett With The Ralph Sharon Trio – How Insensitive / Fly Me To The Moon (In Other Words),https://www.discogs.com/release/2221062-Tony-Bennett-With-The-Ralph-Sharon-Trio-How-Insensitive-Fly-Me-To-The-Moon-In-Other-Words
282,a cowboy's work is never done,,sonny-cher,$0.49,Sonny & Chér* – A Cowboys Work Is Never Done,https://www.discogs.com/master/240329-Sonny-Ch%C3%A9r-A-Cowboys-Work-Is-Never-Done
283,i'll never fall in love again,,florence henderson,$1.69,Florence Henderson – Conversations,https://www.discogs.com/master/858777-Florence-Henderson-Conversations
284,hotel happiness,,dora hall,$1.25,"Dora Hall – Did He Call Today, Mama? / Hotel Happiness",https://www.discogs.com/release/4123646-Dora-Hall-Did-He-Call-Today-Mama-Hotel-Happiness
285,mama come save your child,,maureen cannon,$0.93,Maureen Cannon – Mama - Come Save Your Child,https://www.discogs.com/release/2898050-Maureen-Cannon-Mama-Come-Save-Your-Child
286,heart attack,,Olivia Newton John,$0.25,Olivia Newton-John – Heart Attack,https://www.discogs.com/master/103165-Olivia-Newton-John-Heart-Attack
287,why,,donny osmond,$0.10,Donny Osmond – Why,https://www.discogs.com/master/136622-Donny-Osmond-Why
288,paper roses,,marie osmond,$0.09,Marie Osmond – Paper Roses / Least Of All You,https://www.discogs.com/master/198759-Marie-Osmond-Paper-Roses-Least-Of-All-You
289,memory lane,,lou rawls,$0.50,Lou Rawls – Love Is A Hurtin' Thing / Memory Lane,https://www.discogs.com/master/708456-Lou-Rawls-Love-Is-A-Hurtin-Thing-Memory-Lane
290,desiderata,,les crane,$0.11,Les Crane – Desiderata,https://www.discogs.com/master/213763-Les-Crane-Desiderata-
291,saddle in the wind,,lou christie,0,UNKNOWN,UNKNOWN
292,kentucky moon,,richard frost,$1.59,Richard Frost (4) – Mona Lisas & Mad Hatters / Kentucky Moon,https://www.discogs.com/release/3951958-Richard-Frost-Mona-Lisas-Mad-Hatters-Kentucky-Moon
293,crying like a baby over you,,ernie maresca,$0.75,Ernie Maresca – Shout! Shout! (Knock Yourself Out) / Crying Like A Baby Over You,https://www.discogs.com/master/526739-Ernie-Maresca-Shout-Shout-Knock-Yourself-Out-Crying-Like-A-Baby-Over-You
294,"flash, bang, wallop",,sammy davis jr,$2.14,"Sammy Davis, Jr.* – Flash, Bang, Wallop! / If I Ruled The World",https://www.discogs.com/master/1076514-Sammy-Davis-Jr-Flash-Bang-Wallop-If-I-Ruled-The-World
295,bein natural bein me,,sammy davis jr,$1.75,"Sammy Davis, Jr.* – Bein' Natural Bein' Me",https://www.discogs.com/release/9244920-Sammy-Davis-Jr-Bein-Natural-Bein-Me
296,i've gotta be me,,sammy davis jr,$0.68,"Sammy Davis, Jr.* – I've Gotta Be Me",https://www.discogs.com/master/670606-Sammy-Davis-Jr-Ive-Gotta-Be-Me
297,you made me love you,,dean martin,$4.99,Dean Martin – You Made Me Love You (I Didn't Want To Do It),https://www.discogs.com/release/7141671-Dean-Martin-You-Made-Me-Love-You-I-Didnt-Want-To-Do-It
298,did your mother come,,Bing Crosby,$3.99,Bing Crosby – Bing: A Musical Autobiography,https://www.discogs.com/release/1359940-Bing-Crosby-Bing-A-Musical-Autobiography
299,when irish eyes,,bing Crosby,$0.05,Bing Crosby With John Scott Trotter And His Orchestra – When Irish Eyes Are Smiling / The Rose Of Tralee,https://www.discogs.com/master/190200-Bing-Crosby-With-John-Scott-Trotter-And-His-Orchestra-When-Irish-Eyes-Are-Smiling-The-Rose-Of-Tralee
300,when irish eyes,,bing Crosby,$0.05,Bing Crosby With John Scott Trotter And His Orchestra – When Irish Eyes Are Smiling / The Rose Of Tralee,https://www.discogs.com/master/190200-Bing-Crosby-With-John-Scott-Trotter-And-His-Orchestra-When-Irish-Eyes-Are-Smiling-The-Rose-Of-Tralee
301,whatever happened to us,,George Burns,0,UNKNOWN,UNKNOWN
302,this moment in time,,engelbert humperdinck,$0.25,Engelbert Humperdinck – This Moment In Time / And The Day Begins,https://www.discogs.com/master/834912-Engelbert-Humperdinck-This-Moment-In-Time-And-The-Day-Begins
303,stop breaking my heart,,tom jones,$8.74,Tom Jones – Stop Breaking My Heart,https://www.discogs.com/release/5963871-Tom-Jones-Stop-Breaking-My-Heart
304,tupelo miss flash,,tom jones,$1.08,Tom Jones – Daughter Of Darkness / Tupelo Mississippi Flash,https://www.discogs.com/release/1014106-Tom-Jones-Daughter-Of-Darkness-Tupelo-Mississippi-Flash
305,i get enthused,,bj thomas,$1.99,B.J. Thomas – That's What Friends Are For,https://www.discogs.com/release/9755339-BJ-Thomas-Thats-What-Friends-Are-For
306,let it rain,,johnny mathis,$0.25,Johnny Mathis With Ray Ellis And His Orchestra – A Certain Smile / Let It Rain,https://www.discogs.com/release/1809641-Johnny-Mathis-With-Ray-Ellis-And-His-Orchestra-A-Certain-Smile-Let-It-Rain
307,my love forgive me,,robert goulet,$0.29,"Robert Goulet – My Love Forgive Me (Amore, Scusami)",https://www.discogs.com/master/403472-Robert-Goulet-My-Love-Forgive-Me-Amore-Scusami
308,are you lonesome tonight,,donny osmond,$1.33,Donny Osmond – Are You Lonesome Tonight,https://www.discogs.com/release/12284000-Donny-Osmond-Are-You-Lonesome-Tonight
309,long lonesome highway,,michael parks,$0.25,Michael Parks (3) – Long Lonesome Highway,https://www.discogs.com/master/515600-Michael-Parks-Long-Lonesome-Highway
310,don't ever love me,,harry belefonte,0,UNKNOWN,UNKNOWN
311,the last farewell ,,roger whittaker,$0.01,Roger Whittaker – The Last Farewell,https://www.discogs.com/master/760891-Roger-Whittaker-The-Last-Farewell
312,i think of you,,austin cromer,$2.00,"Austin Cromer, The Hugo Peretti Orchestra – I Think Of You",https://www.discogs.com/release/9485769-Austin-CromerHugo-Peretti-Orchestra-I-Think-Of-You
313,gotta tell the world,,david fisher,$3.00,David Fisher* – Gotta Tell The World (Donne Moi Des Fleurs) / Lay Down Your Weary Tune,https://www.discogs.com/release/8307492-David-Fisher-Gotta-Tell-The-World-Donne-Moi-Des-Fleurs-Lay-Down-Your-Weary-Tune
314,can't get over losing you,,donnie elbe,0,UNKNOWN,UNKNOWN
315,look what you done for me,,al green,$0.54,Al Green – Look What You Done For Me,https://www.discogs.com/master/236072-Al-Green-Look-What-You-Done-For-Me
316,nessuno,,teddy reno,$2.00,Teddy Reno – Nessuno,https://www.discogs.com/master/1298137-Teddy-Reno-Nessuno
317,spring,,john tipton,$1.26,John Tipton – Spring,https://www.discogs.com/master/662657-John-Tipton-Spring
318,endlessly,,roger coleman,$1.99,Roger Coleman – Nobody's Fool,https://www.discogs.com/master/2067958-Roger-Coleman-Nobodys-Fool
319,sisters of mercy,,george hamilton IV,$0.85,George Hamilton IV – Canadian Pacific,https://www.discogs.com/master/725560-George-Hamilton-IV-Canadian-Pacific
320,i never felt more like,,tony bennett,$0.39,Tony Bennett – I Never Felt More Like Falling In Love,https://www.discogs.com/master/639353-Tony-Bennett-I-Never-Felt-More-Like-Falling-In-Love
321,nobody,,perry como,$0.99,Perry Como – Door Of Dreams / Nobody,https://www.discogs.com/release/1525327-Perry-Como-Door-Of-Dreams-Nobody
322,nel bly dipinto,,domenico modugno,$2.20,"Dalida Accompagnée Par Raymond Lefèvre Et Son Orchestre* – Dans Le Bleu Du Ciel Bleu (Nel Blu, Dipinto Di Blu)",https://www.discogs.com/release/4238693-Dalida-Accompagn%C3%A9e-Par-Raymond-Lef%C3%A8vre-Et-Son-Orchestre-Dans-Le-Bleu-Du-Ciel-Bleu-Nel-Blu-Dipinto-
323,i am your child,,barry manilow,$0.01,Barry Manilow – Could It Be Magic,https://www.discogs.com/master/77665-Barry-Manilow-Could-It-Be-Magic
324,heaven knows,,donna summer,$0.01,Donna Summer – Heaven Knows,https://www.discogs.com/master/27170-Donna-Summer-Heaven-Knows
325,stop me,,donna summer,$0.16,Donna Summer – The Wanderer,https://www.discogs.com/master/86936-Donna-Summer-The-Wanderer
326,silver bells,,bobby vinton,$8.00,Bobby Vinton – White Christmas,https://www.discogs.com/release/9805719-Bobby-Vinton-White-Christmas
327,i ain't gonna stand for it,,stevie wonder,$0.13,Stevie Wonder – I Ain't Gonna Stand For It,https://www.discogs.com/master/163055-Stevie-Wonder-I-Aint-Gonna-Stand-For-It
328,mountain high,,michael parks,$0.25,Michael Parks (3) – Long Lonesome Highway,https://www.discogs.com/master/515600-Michael-Parks-Long-Lonesome-Highway
329,change of heart,,samantha sang,$0.50,Samantha Sang – You Keep Me Dancing,https://www.discogs.com/release/6463156-Samantha-Sang-You-Keep-Me-Dancing
330,theme from valley of the dolls,,dionne warnick,0,UNKNOWN,UNKNOWN
331,torn between 2 lovers,,mary macgecor,0,UNKNOWN,UNKNOWN
332,just bidin my time,,anny murray,0,UNKNOWN,UNKNOWN
333,a little love and understand ,,gilbert becaud,$1.00,The Knack (3) – ...But The Little Girls Understand,https://www.discogs.com/master/119438-The-Knack-But-The-Little-Girls-Understand
334,a scottish soldier,,andy stewert,0,UNKNOWN,UNKNOWN
335,purple man,,tom jones,$6.00,Various – Direct Hit Volume 12,https://www.discogs.com/release/1330290-Various-Direct-Hit-Volume-12
336,raindrops keep talking,,bj thomas,$2.00,B.J. トーマス* – 雨にぬれても~「明日に向かって撃て!」 / うわさの男~「真夜中のカーボーイ」,https://www.discogs.com/release/10092298-BJ-%E3%83%88%E3%83%BC%E3%83%9E%E3%82%B9-%E9%9B%A8%E3%81%AB%E3%81%AC%E3%82%8C%E3%81%A6%E3%82%82%E6%98%8E%E6%97%A5%E3%81%AB%E5%90%91%E3%81%8B%E3%81%A3%E3%81%A6%E6%92%83%E3%81%A6-%E3%81%86%E3%82%8F%E3%81%95%E3%81%AE%E7%94%B7%E7%9C%9F%E5%A4%9C%E4%B8%AD%E3%81%AE%E3%82%AB%E3%83%BC%E3%83%9C
337,long lonesome highway,,michael parks,$0.25,Michael Parks (3) – Long Lonesome Highway,https://www.discogs.com/master/515600-Michael-Parks-Long-Lonesome-Highway
338,suzanne,,harry belefonte,0,UNKNOWN,UNKNOWN
339,glen dora,,perry como,0,UNKNOWN,UNKNOWN
340,wait for me baby,,g. stephens,$0.01,The New Vaudeville Band – Winchester Cathedral,https://www.discogs.com/master/210351-The-New-Vaudeville-Band-Winchester-Cathedral
341,theme from friday the 13th part 3,,h. manfred,0,UNKNOWN,UNKNOWN
342,and this is my beloved,,p. faith,$8.00,Percy Faith And His Orchestra* – Kismet,https://www.discogs.com/release/7050131-Percy-Faith-And-His-Orchestra-Kismet
343,the lady with the braid,,dory drevin,0,UNKNOWN,UNKNOWN
344,south pacific,,richard roger,0,UNKNOWN,UNKNOWN
345,nothing to lose,,henry mancini,$35.00,Claudine Longet – Nothing To Lose,https://www.discogs.com/release/8819789-Claudine-Longet-Nothing-To-Lose
346,green eyes,,monty kelly orchestra,$1.11,Monty Kelly Orchestra* – Green Eyes,https://www.discogs.com/release/2696420-Monty-Kelly-Orchestra-Green-Eyes
347,when the white lilacs bloom again,,leroy holmes,$1.63,LeRoy Holmes Orchestra – The Last Wagon / When the White Lilacs Bloom Again,https://www.discogs.com/release/9275256-LeRoy-Holmes-Orchestra-The-Last-Wagon-When-the-White-Lilacs-Bloom-Again-
348,dual in the sun,,dimitre tomkin,0,UNKNOWN,UNKNOWN
349,madcap,,henry rene orchestra,0,UNKNOWN,UNKNOWN
350,"oh, main papa",,eddie calvert,0,UNKNOWN,UNKNOWN
351,reflections,,bill conti,$0.49,Bill Conti – Gonna Fly Now,https://www.discogs.com/master/77443-Bill-Conti-Gonna-Fly-Now
352,"sunrise, sunset",,roger williams,$1.25,"Roger Williams (2) – Sunrise, Sunset / Edelweiss",https://www.discogs.com/release/9721489-Roger-Williams-Sunrise-Sunset-Edelweiss
353,theme from love story,,roger williams,$1.00,"Roger Williams (2) – Theme From ""Love Story"" / For All We Know",https://www.discogs.com/master/782230-Roger-Williams-Theme-From-Love-Story-For-All-We-Know
354,take care,,roger williams,$0.25,Roger Williams (2) – Autumn Leaves / Take Care,https://www.discogs.com/master/383467-Roger-Williams-Autumn-Leaves-Take-Care
355,"somewhere, my love",,ray conniff,$0.29,"Ray Conniff And The Singers / Ray Conniff His Orchestra And Chorus* – Somewhere, My Love / Midsummer In Sweden",https://www.discogs.com/master/230229-Ray-Conniff-And-The-Singers-Ray-Conniff-His-Orchestra-And-Chorus-Somewhere-My-Love-Midsummer-In-Swed
356,it takes two,,ray conniff,$0.87,Ray Conniff And The Singers – Lookin' For Love / It Takes Two,https://www.discogs.com/master/155060-Ray-Conniff-And-The-Singers-Lookin-For-Love-It-Takes-Two
357,i love how you love me,,ray conniff,$3.26,Ray Conniff And The Singers – I Love How You Love Me,https://www.discogs.com/release/5817848-Ray-Conniff-And-The-Singers-I-Love-How-You-Love-Me
358,hold me tight,,ray conniff,$6.51,Ray Conniff And The Singers – Hey Jude / Little Green Apples / Hold Me Tight / My Special Angel,https://www.discogs.com/release/13725669-Ray-Conniff-And-The-Singers-Hey-Jude-Little-Green-Apples-Hold-Me-Tight-My-Special-Angel
359,brass buttons,,mantovani,$3.00,Mantovani And His Orchestra – Brass Buttons / Edelma,https://www.discogs.com/master/1700797-Mantovani-And-His-Orchestra-Brass-Buttons-Edelma
360,you're nobody till somebody loves you,,russ morgan,$0.20,Dean Martin – You're Nobody Till Somebody Loves You,https://www.discogs.com/master/637305-Dean-Martin-Youre-Nobody-Till-Somebody-Loves-You
361,"my buddy/there's a long, long trail",,mitch miller,$1.00,The Four Sergeants – World War I Songs In Hi-Fi,https://www.discogs.com/master/1393279-The-Four-Sergeants-World-War-I-Songs-In-Hi-Fi-
362,song for a summer night,,mitch miller,$0.39,Mitch Miller & His Orch.* / Mitch Miller & His Orch. & Chorus* – Song For A Summer Night,https://www.discogs.com/master/583702-Mitch-Miller-His-Orch-Mitch-Miller-His-Orch-Chorus-Song-For-A-Summer-Night
363,jesse johnson's review,,jesse johnson,$1.09,Jesse Johnson – Crazay,https://www.discogs.com/release/5615563-Jesse-Johnson-Crazay
364,daughter of darkness,,tom jones,$0.27,Tom Jones – Daughter Of Darkness,https://www.discogs.com/master/109767-Tom-Jones-Daughter-Of-Darkness
365,what did i have that i don't have,,eydie gorme,$0.99,Eydie Gorme* – What Did I Have That I Don't Have? / If He Walked Into My Life,https://www.discogs.com/master/910924-Eydie-Gorme-What-Did-I-Have-That-I-Dont-Have-If-He-Walked-Into-My-Life
366,hot sunday music sanitation man,,ted phillips,0,UNKNOWN,UNKNOWN
367,all of you,,j. iglesias/diana ross,$0.04,Julio Iglesias & Diana Ross / Julio Iglesias – All Of You / The Last Time,https://www.discogs.com/master/59685-Julio-Iglesias-Diana-Ross-Julio-Iglesias-All-Of-You-The-Last-Time
368,i'm coming,,inxs,$0.98,INXS – Need You Tonight,https://www.discogs.com/master/197382-INXS-Need-You-Tonight
369,have you ever loved somebody,,freddie jackson,$0.13,Freddie Jackson – Have You Ever Loved Somebody,https://www.discogs.com/master/145101-Freddie-Jackson-Have-You-Ever-Loved-Somebody
370,you are my lady,,freddie jackson,$0.75,Freddie Jackson – You Are My Lady,https://www.discogs.com/release/1477250-Freddie-Jackson-You-Are-My-Lady
371,he'll never love you,,freddie jackson,$0.13,Freddie Jackson – He'll Never Love You (Like I Do),https://www.discogs.com/master/145098-Freddie-Jackson-Hell-Never-Love-You-Like-I-Do
372,you are my lady,,freddie jackson,$0.75,Freddie Jackson – You Are My Lady,https://www.discogs.com/release/1477250-Freddie-Jackson-You-Are-My-Lady
373,love struck,,jesse johnson,$0.27,Jesse Johnson – Love Struck,https://www.discogs.com/master/54495-Jesse-Johnson-Love-Struck
374,because,,ray conniff,$1.06,The Ray Conniff Environment – Because,https://www.discogs.com/release/7243959-The-Ray-Conniff-Environment-Because
375,dary lady,,cher,$20.00,Cher – Heart Of Stone,https://www.discogs.com/release/8072197-Cher-Heart-Of-Stone
376,fascination,,rafael mendez,$1.00,Rafael Mendez – On The Sunny Side Of The Street / Fascination,https://www.discogs.com/release/4735993-Rafael-Mendez-On-The-Sunny-Side-Of-The-Street-Fascination
377,for pete's sake,,pete fountain,$0.59,Pete Fountain – Danke Schoen / For Pete's Sake,https://www.discogs.com/release/3709488-Pete-Fountain-Danke-Schoen-For-Petes-Sake
378,jungle dream,,los indios tabajaras,$0.01,Los Indios Tabajaras – Maria Elena,https://www.discogs.com/master/154170-Los-Indios-Tabajaras-Maria-Elena
379,wind beneath my wings,,bette midler,$0.19,Bette Midler – Wind Beneath My Wings,https://www.discogs.com/master/113257-Bette-Midler-Wind-Beneath-My-Wings
